Desk Top,Printer,Flash Drive,Microsoft Office,Speakers,Anti-Virus,,,
Lab Top,Flash Drive,Microsoft Office,Lab TopCase,Anti-Virus,,,,
Lab Top,Printer,Flash Drive,Microsoft Office,Lab TopCase,Anti-Virus,External Hard-Drive,,
Lab Top,Printer,Flash Drive,Anti-Virus,External Hard-Drive,Lab TopCase,,,
Lab Top,Flash Drive,Lab TopCase,Anti-Virus,,,,,
Lab Top,Printer,Flash Drive,Microsoft Office,,,,,
Desk Top,Printer,Flash Drive,Microsoft Office,,,,,
Lab Top,Anti-Virus,External Hard-Drive,,,,,,
Desk Top,Printer,Flash Drive,Microsoft Office,Anti-Virus,External Hard-Drive,Speakers,,
Digital Camera,Lab Top,Printer,Flash Drive,Microsoft Office,Lab TopCase,Anti-Virus,External Hard-Drive,Speakers
Lab Top,Desk Top,Lab TopCase,Anti-Virus,External Hard-Drive,Speakers,,,
Digital Camera,Lab Top,Lab TopCase,Anti-Virus,External Hard-Drive,Speakers,,,
Digital Camera,Speakers,,,,,,,
Digital Camera,Desk Top,Printer,Flash Drive,Microsoft Office,,,,
Printer,Flash Drive,Microsoft Office,Lab TopCase,Anti-Virus,External Hard-Drive,Speakers,,
Digital Camera,Flash Drive,Microsoft Office,Anti-Virus,Lab TopCase,External Hard-Drive,Speakers,,
Digital Camera,Lab Top,Lab TopCase,,,,,,
Digital Camera,Lab Top,Speakers,,,,,,
Digital Camera,Lab Top,Printer,Flash Drive,Microsoft Office,Speakers,Lab TopCase,Anti-Virus,
Digital Camera,Lab Top,Speakers,Anti-Virus,Lab TopCase,,,,