Decorative Pillows ,Quilts ,Embroidered Bedspread ,,,,
Embroidered Bedspread ,Shams ,Kids Bedding,Bedding Collections,Bed Skirts,Bedspreads,Sheets 
Decorative Pillows ,Quilts ,Embroidered Bedspread ,Shams ,Kids Bedding,Bedding Collections,
Kids Bedding,Bedding Collections,Sheets ,Bed Skirts,Bedspreads,,
Decorative Pillows ,Kids Bedding,Bedding Collections,Sheets ,Bed Skirts,Bedspreads,
Bedding Collections,Bedspreads,Bed Skirts,Sheets ,Kids Bedding,,
Decorative Pillows ,Quilts ,,,,,
Decorative Pillows ,Quilts ,Embroidered Bedspread ,,,,
Bedspreads,Bed Skirts,Shams ,Kids Bedding,Sheets ,,
Quilts ,Embroidered Bedspread ,Bedding Collections,,,,
Bedding Collections,Bedspreads,Bed Skirts,Shams ,Kids Bedding,Sheets ,
Decorative Pillows ,Quilts ,,,,,
Embroidered Bedspread ,Shams ,,,,,
Bed Skirts,Shams ,Kids Bedding,Sheets ,,,
Decorative Pillows ,Quilts ,,,,,
Decorative Pillows ,Bed Skirts,Shams ,Kids Bedding,,,
Decorative Pillows ,Bed Skirts,Shams ,,,,
Quilts ,Sheets ,Kids Bedding,,,,
Bed Skirts,Shams ,Kids Bedding,Sheets ,,,
Decorative Pillows ,Bedspreads,Shams ,Sheets ,Bed Skirts,Kids Bedding,